{"cameraMode":{"drawMode":0,"name":"Shaded","section":"Shading Mode"},"sceneLighting":false,"audioPlay":false,"sceneViewState":{"showFog":true,"showMaterialUpdate":false,"showSkybox":false,"showFlares":true,"showImageEffects":true,"showParticleSystems":true},"in2DMode":false,"pivot":{"x":8.698535919189454,"y":-3.2769041061401369,"z":9.744905471801758},"rotation":{"x":-0.45050671696662905,"y":0.5227324962615967,"z":-0.3838033080101013,"w":-0.6136194467544556},"size":29.19733238220215,"orthographic":false}