{"cameraMode":{"drawMode":0,"name":"Shaded","section":"Shading Mode"},"sceneLighting":false,"audioPlay":false,"sceneViewState":{"showFog":true,"showMaterialUpdate":false,"showSkybox":false,"showFlares":true,"showImageEffects":true,"showParticleSystems":true},"in2DMode":false,"pivot":{"x":0.02550966665148735,"y":0.9175037741661072,"z":-0.8967441320419312},"rotation":{"x":0.1805756837129593,"y":0.733764111995697,"z":-0.2140178680419922,"w":0.6190404295921326},"size":2.2421157360076906,"orthographic":false}