{"cameraMode":{"drawMode":0,"name":"Shaded","section":"Shading Mode"},"sceneLighting":true,"audioPlay":false,"sceneViewState":{"showFog":true,"showMaterialUpdate":false,"showSkybox":true,"showFlares":true,"showImageEffects":true,"showParticleSystems":true},"in2DMode":false,"pivot":{"x":10.101271629333496,"y":0.9915866851806641,"z":10.218620300292969},"rotation":{"x":-0.6163960099220276,"y":-0.0584302581846714,"z":0.04595242813229561,"w":-0.7839528322219849},"size":14.372062683105469,"orthographic":false}