{"cameraMode":{"drawMode":0,"name":"Shaded","section":"Shading Mode"},"sceneLighting":false,"audioPlay":false,"sceneViewState":{"showFog":true,"showMaterialUpdate":false,"showSkybox":false,"showFlares":true,"showImageEffects":true,"showParticleSystems":true},"in2DMode":false,"pivot":{"x":-1.3487720489501954,"y":4.439609527587891,"z":-0.9737133979797363},"rotation":{"x":-0.034948959946632388,"y":0.9637975096702576,"z":-0.21027731895446778,"w":-0.16018737852573396},"size":3.7578835487365724,"orthographic":false}