{"cameraMode":{"drawMode":0,"name":"Shaded","section":"Shading Mode"},"sceneLighting":true,"audioPlay":false,"sceneViewState":{"showFog":true,"showMaterialUpdate":false,"showSkybox":true,"showFlares":true,"showImageEffects":true,"showParticleSystems":true},"in2DMode":false,"pivot":{"x":6.364625453948975,"y":-0.7763714790344238,"z":15.60444164276123},"rotation":{"x":-0.46077287197113039,"y":-0.5258183479309082,"z":0.41727831959724429,"w":-0.5806305408477783},"size":6.5138750076293949,"orthographic":false}