{"cameraMode":{"drawMode":0,"name":"Shaded","section":"Shading Mode"},"sceneLighting":false,"audioPlay":false,"sceneViewState":{"showFog":true,"showMaterialUpdate":false,"showSkybox":false,"showFlares":true,"showImageEffects":true,"showParticleSystems":true},"in2DMode":false,"pivot":{"x":-0.8852689862251282,"y":2.3523900508880617,"z":-0.46446937322616579},"rotation":{"x":0.23777703940868379,"y":0.6342636942863464,"z":-0.21427588164806367,"w":0.7037667632102966},"size":0.7578842043876648,"orthographic":false}