{"cameraMode":{"drawMode":0,"name":"Shaded","section":"Shading Mode"},"sceneLighting":true,"audioPlay":false,"sceneViewState":{"showFog":true,"showMaterialUpdate":false,"showSkybox":true,"showFlares":true,"showImageEffects":true,"showParticleSystems":true},"in2DMode":false,"pivot":{"x":11.202466011047364,"y":0.03152477741241455,"z":12.437559127807618},"rotation":{"x":-0.49160337448120119,"y":0.5068890452384949,"z":-0.4725303053855896,"w":-0.5273908376693726},"size":21.501392364501954,"orthographic":false}